{"1": {"x1": 0.07682291666666667, "y1": 0.08101851851851852, "x2": 0.2526041666666667, "y2": 0.30324074074074076}, "2": {"x1": 0.5846354166666666, "y1": 0.4212962962962963, "x2": 0.8001302083333334, "y2": 0.7916666666666666}, "3": {"x1": 0.4654947916666667, "y1": 0.5960648148148148, "x2": 0.5618489583333334, "y2": 0.7407407407407407}, "4": {"x1": 0.24869791666666666, "y1": 0.26851851851851855, "x2": 0.4388020833333333, "y2": 0.4988425925925926}, "5": {"x1": 0.18294270833333334, "y1": 0.39814814814814814, "x2": 0.830078125, "y2": 0.8738425925925926}, "6": {"x1": 0.16666666666666666, "y1": 0.1423611111111111, "x2": 0.18684895833333334, "y2": 0.1886574074074074}}